<application>
  <component name="MaterialThemeConfig">
    <option name="arrowsStyle" value="Darcula" />
    <option name="highlightColorEnabled" value="true" />
    <option name="isContrastMode" value="true" />
    <option name="isHighContrast" value="true" />
    <option name="isWizardShown" value="true" />
    <option name="pristineConfig" value="false" />
    <option name="useMaterialFont2" value="true" />
    <option name="rightTreeIndent" value="6" />
    <option name="settingsSelectedTab" value="6" />
    <option name="accentColor" value="84ffff" />
    <option name="selectedTheme" value="DEEPOCEAN" />
    <option name="userId" value="fb0c116:16e287a8acd:-8000" />
    <option name="version" value="4.5.2" />
  </component>
</application>