<application>
  <component name="CodotaSettings">
    <option name="methodCompletionsPercentageSet" value="true" />
    <option name="id" value="eda75050-3ff5-4944-bb74-6679fd5c607d" />
    <option name="wasRunBefore" value="true" />
    <option name="firstRun" value="1572637149842" />
    <option name="generation" value="57" />
    <option name="updateGeneration" value="1" />
    <option name="isInJSBeta" value="YES" />
    <option name="isMethodCompletionsPercentageActive" value="true" />
    <option name="isMethodCompletionsPercentageSet" value="true" />
  </component>
</application>